{
	"credit": "Made with Blockbench",
	"parent": "minecraft:block/carved_pumpkin",
	"textures": {
		"0": "item/halo",
		"particle": "item/halo"
	},
	"elements": [
		{
			"from": [4, 0, 0],
			"to": [12, 1, 2],
			"faces": {
				"north": {"uv": [2, 7, 6, 8], "rotation": 180, "texture": "#0"},
				"east": {"uv": [5, 7, 6, 8], "rotation": 90, "texture": "#0"},
				"south": {"uv": [2, 7, 6, 8], "texture": "#0"},
				"west": {"uv": [2, 7, 3, 8], "rotation": 90, "texture": "#0"},
				"up": {"uv": [2, 7, 6, 8], "texture": "#0"},
				"down": {"uv": [2, 7, 6, 8], "texture": "#0"}
			}
		},
		{
			"from": [4, 0, 14],
			"to": [12, 1, 16],
			"faces": {
				"north": {"uv": [2, 0, 6, 1], "rotation": 180, "texture": "#0"},
				"east": {"uv": [5, 0, 6, 1], "rotation": 90, "texture": "#0"},
				"south": {"uv": [2, 0, 6, 1], "texture": "#0"},
				"west": {"uv": [2, 0, 3, 1], "rotation": 90, "texture": "#0"},
				"up": {"uv": [2, 0, 6, 1], "texture": "#0"},
				"down": {"uv": [2, 0, 6, 1], "texture": "#0"}
			}
		},
		{
			"from": [0, 0, 4],
			"to": [2, 1, 12],
			"faces": {
				"north": {"uv": [7, 2, 8, 3], "texture": "#0"},
				"east": {"uv": [7, 2, 8, 6], "rotation": 90, "texture": "#0"},
				"south": {"uv": [7, 5, 8, 6], "texture": "#0"},
				"west": {"uv": [7, 2, 8, 6], "rotation": 270, "texture": "#0"},
				"up": {"uv": [7, 2, 8, 6], "texture": "#0"},
				"down": {"uv": [7, 6, 8, 2], "texture": "#0"}
			}
		},
		{
			"from": [14, 0, 4],
			"to": [16, 1, 12],
			"faces": {
				"north": {"uv": [0, 2, 1, 3], "texture": "#0"},
				"east": {"uv": [0, 2, 1, 6], "rotation": 90, "texture": "#0"},
				"south": {"uv": [0, 5, 1, 6], "texture": "#0"},
				"west": {"uv": [0, 2, 1, 6], "rotation": 270, "texture": "#0"},
				"up": {"uv": [0, 2, 1, 6], "texture": "#0"},
				"down": {"uv": [0, 6, 1, 2], "texture": "#0"}
			}
		},
		{
			"from": [2, 0, 2],
			"to": [4, 1, 4],
			"faces": {
				"north": {"uv": [6, 6, 7, 7], "texture": "#0"},
				"east": {"uv": [6, 6, 7, 7], "texture": "#0"},
				"south": {"uv": [6, 6, 7, 7], "texture": "#0"},
				"west": {"uv": [6, 6, 7, 7], "texture": "#0"},
				"up": {"uv": [6, 6, 7, 7], "texture": "#0"},
				"down": {"uv": [6, 6, 7, 7], "texture": "#0"}
			}
		},
		{
			"from": [2, 0, 12],
			"to": [4, 1, 14],
			"faces": {
				"north": {"uv": [6, 1, 7, 2], "texture": "#0"},
				"east": {"uv": [6, 1, 7, 2], "texture": "#0"},
				"south": {"uv": [6, 1, 7, 2], "texture": "#0"},
				"west": {"uv": [6, 1, 7, 2], "texture": "#0"},
				"up": {"uv": [6, 1, 7, 2], "texture": "#0"},
				"down": {"uv": [6, 1, 7, 2], "texture": "#0"}
			}
		},
		{
			"from": [12, 0, 12],
			"to": [14, 1, 14],
			"faces": {
				"north": {"uv": [1, 1, 2, 2], "texture": "#0"},
				"east": {"uv": [1, 1, 2, 2], "texture": "#0"},
				"south": {"uv": [1, 1, 2, 2], "texture": "#0"},
				"west": {"uv": [1, 1, 2, 2], "texture": "#0"},
				"up": {"uv": [1, 1, 2, 2], "texture": "#0"},
				"down": {"uv": [1, 1, 2, 2], "texture": "#0"}
			}
		},
		{
			"from": [12, 0, 2],
			"to": [14, 1, 4],
			"faces": {
				"north": {"uv": [1, 6, 2, 7], "texture": "#0"},
				"east": {"uv": [1, 6, 2, 7], "texture": "#0"},
				"south": {"uv": [1, 6, 2, 7], "texture": "#0"},
				"west": {"uv": [1, 6, 2, 7], "texture": "#0"},
				"up": {"uv": [1, 6, 2, 7], "texture": "#0"},
				"down": {"uv": [1, 6, 2, 7], "texture": "#0"}
			}
		}
	],
	"display": {
		"thirdperson_righthand": {
			"translation": [0, 4, 0],
			"scale": [0.4, 0.4, 0.4]
		},
		"thirdperson_lefthand": {
			"translation": [0, 4, 0],
			"scale": [0.4, 0.4, 0.4]
		},
		"firstperson_righthand": {
			"translation": [0, 4.5, 0],
			"scale": [0.4, 0.4, 0.4]
		},
		"firstperson_lefthand": {
			"translation": [0, 4.5, 0],
			"scale": [0.4, 0.4, 0.4]
		},
		"ground": {
			"translation": [0, 7.5, 0]
		},
		"gui": {
			"rotation": [29, 48, 0],
			"translation": [0, 5.5, 0],
			"scale": [0.8, 0.8, 0.8]
		},
		"head": {
			"translation": [0, 16.75, 0]
		},
		"fixed": {
			"rotation": [-90, 0, 0],
			"translation": [0, 0, -9]
		}
	}
}