{
	"credit": "Made with Blockbench",
	"texture_size": [64, 64],
	"textures": {
		"0": "item/witch_hat_1",
		"particle": "item/witch_hat_1"
	},
	"elements": [
		{
			"from": [-2, 0, -2],
			"to": [18, 0, 18],
			"faces": {
				"up": {"uv": [0, 0, 5, 5], "texture": "#0"},
				"down": {"uv": [0, 5, 5, 0], "texture": "#0"}
			}
		},
		{
			"from": [0, 0, 0],
			"to": [16, 1, 16],
			"faces": {
				"north": {"uv": [5, 4.25, 9, 4.5], "texture": "#0"},
				"east": {"uv": [5, 4.25, 9, 4.5], "texture": "#0"},
				"south": {"uv": [5, 4.25, 9, 4.5], "texture": "#0"},
				"west": {"uv": [5, 4.25, 9, 4.5], "texture": "#0"},
				"up": {"uv": [5, 0, 9, 4], "texture": "#0"}
			}
		},
		{
			"from": [1, 1, 1],
			"to": [15, 4, 15],
			"faces": {
				"north": {"uv": [0.75, 0.25, 4.25, 1], "texture": "#0"},
				"east": {"uv": [0.75, 0.25, 4.25, 1], "texture": "#0"},
				"south": {"uv": [0.75, 0.25, 4.25, 1], "texture": "#0"},
				"west": {"uv": [0.75, 0.25, 4.25, 1], "texture": "#0"},
				"up": {"uv": [0.75, 0.25, 4.25, 3.75], "texture": "#0"}
			}
		},
		{
			"from": [2, 2.84987, 4.2179],
			"to": [14, 8.84987, 16.2179],
			"rotation": {"angle": 22.5, "axis": "x", "origin": [8, 9, 6]},
			"faces": {
				"north": {"uv": [0.25, 3.25, 3.25, 4.75], "texture": "#0"},
				"east": {"uv": [3.25, 3.25, 0.25, 4.75], "texture": "#0"},
				"south": {"uv": [0.25, 3.25, 3.25, 4.75], "texture": "#0"},
				"west": {"uv": [0.25, 3.25, 3.25, 4.75], "texture": "#0"},
				"up": {"uv": [1, 1, 4, 4], "texture": "#0"}
			}
		},
		{
			"from": [3, 9, 4.5],
			"to": [13, 15, 13.5],
			"rotation": {"angle": 45, "axis": "x", "origin": [8, 8, 5]},
			"faces": {
				"north": {"uv": [2.25, 0.25, 4.75, 1.75], "texture": "#0"},
				"east": {"uv": [2.5, 0.25, 4.75, 1.75], "texture": "#0"},
				"south": {"uv": [2.25, 0.25, 4.75, 1.75], "texture": "#0"},
				"west": {"uv": [4.75, 0.25, 2.5, 1.75], "texture": "#0"},
				"up": {"uv": [1.75, 0.5, 4.25, 2.75], "texture": "#0"}
			}
		},
		{
			"from": [5, 7, 11],
			"to": [11, 12, 16],
			"rotation": {"angle": -22.5, "axis": "x", "origin": [7, 12, 11]},
			"faces": {
				"east": {"uv": [0.25, 3.5, 1.5, 4.75], "rotation": 270, "texture": "#0"},
				"south": {"uv": [0.25, 3.5, 1.75, 4.75], "texture": "#0"},
				"west": {"uv": [0.25, 3.5, 1.5, 4.75], "rotation": 90, "texture": "#0"},
				"up": {"uv": [0.25, 3.5, 1.75, 4.75], "rotation": 180, "texture": "#0"},
				"down": {"uv": [0.25, 3.5, 1.75, 4.75], "texture": "#0"}
			}
		},
		{
			"from": [6, 10, 16],
			"to": [10, 13, 19],
			"faces": {
				"east": {"uv": [4, 4, 4.75, 4.75], "texture": "#0"},
				"south": {"uv": [3.75, 4, 4.75, 4.75], "texture": "#0"},
				"west": {"uv": [4, 4, 4.75, 4.75], "texture": "#0"},
				"up": {"uv": [3.75, 4, 4.75, 4.75], "texture": "#0"},
				"down": {"uv": [3.75, 4, 4.75, 4.75], "texture": "#0"}
			}
		},
		{
			"from": [7, 11, 19],
			"to": [9, 13, 20],
			"faces": {
				"east": {"uv": [4.25, 0.5, 4.5, 1], "texture": "#0"},
				"south": {"uv": [4, 0.5, 4.5, 1], "texture": "#0"},
				"west": {"uv": [4, 0.5, 4.25, 1], "texture": "#0"},
				"up": {"uv": [4, 0.75, 4.5, 1], "texture": "#0"},
				"down": {"uv": [4, 0.5, 4.5, 0.75], "texture": "#0"}
			}
		}
	],
	"display": {
		"thirdperson_righthand": {
			"translation": [0, 3.5, 0],
			"scale": [0.4, 0.4, 0.4]
		},
		"thirdperson_lefthand": {
			"translation": [0, 3.5, 0],
			"scale": [0.4, 0.4, 0.4]
		},
		"firstperson_righthand": {
			"translation": [0, 4, 0],
			"scale": [0.4, 0.4, 0.4]
		},
		"firstperson_lefthand": {
			"translation": [0, 4, 0],
			"scale": [0.4, 0.4, 0.4]
		},
		"ground": {
			"translation": [0, 5.75, 0],
			"scale": [0.7, 0.7, 0.7]
		},
		"gui": {
			"rotation": [33, 33, 0],
			"translation": [0.25, 2.5, 0],
			"scale": [0.6, 0.6, 0.6]
		},
		"head": {
			"rotation": [5.5, 0, 9.5],
			"translation": [-0.75, 12.75, 0.25]
		},
		"fixed": {
			"rotation": [-90, 0, 0],
			"translation": [0, 0, -9.25]
		}
	}
}