{
	"credit": "Made with Blockbench",
	"textures": {
		"0": "item/candy_cane_hat",
		"particle": "item/candy_cane_hat"
	},
	"elements": [
		{
			"from": [4, 6, 8],
			"to": [6, 22, 10],
			"rotation": {"angle": 22.5, "axis": "z", "origin": [4, 15, 10]},
			"faces": {
				"north": {"uv": [0, 0, 2, 16], "texture": "#0"},
				"east": {"uv": [0, 0, 2, 16], "texture": "#0"},
				"south": {"uv": [0, 0, 2, 16], "texture": "#0"},
				"west": {"uv": [0, 0, 2, 16], "texture": "#0"},
				"up": {"uv": [0, 0, 2, 2], "texture": "#0"},
				"down": {"uv": [0, 14, 2, 16], "texture": "#0"}
			}
		},
		{
			"from": [0, 20, 8],
			"to": [4, 22, 10],
			"rotation": {"angle": 22.5, "axis": "z", "origin": [4, 15, 10]},
			"faces": {
				"north": {"uv": [2, 0, 6, 2], "texture": "#0"},
				"east": {"uv": [2, 0, 6, 2], "texture": "#0"},
				"south": {"uv": [2, 0, 6, 2], "rotation": 180, "texture": "#0"},
				"west": {"uv": [4, 0, 6, 2], "texture": "#0"},
				"up": {"uv": [2, 0, 6, 2], "rotation": 180, "texture": "#0"},
				"down": {"uv": [2, 0, 6, 2], "rotation": 180, "texture": "#0"}
			}
		},
		{
			"from": [10, 6, 8],
			"to": [12, 22, 10],
			"rotation": {"angle": -22.5, "axis": "z", "origin": [13, 15, 10]},
			"faces": {
				"north": {"uv": [0, 0, 2, 16], "texture": "#0"},
				"east": {"uv": [0, 0, 2, 16], "texture": "#0"},
				"south": {"uv": [0, 0, 2, 16], "texture": "#0"},
				"west": {"uv": [0, 0, 2, 16], "texture": "#0"},
				"up": {"uv": [0, 0, 2, 2], "texture": "#0"},
				"down": {"uv": [0, 14, 2, 16], "texture": "#0"}
			}
		},
		{
			"from": [12, 20, 8],
			"to": [16, 22, 10],
			"rotation": {"angle": -22.5, "axis": "z", "origin": [13, 15, 10]},
			"faces": {
				"north": {"uv": [2, 0, 6, 2], "texture": "#0"},
				"east": {"uv": [2, 0, 4, 2], "texture": "#0"},
				"south": {"uv": [2, 0, 6, 2], "rotation": 180, "texture": "#0"},
				"west": {"uv": [4, 0, 6, 2], "texture": "#0"},
				"up": {"uv": [2, 0, 6, 2], "rotation": 180, "texture": "#0"},
				"down": {"uv": [2, 0, 6, 2], "rotation": 180, "texture": "#0"}
			}
		}
	],
	"display": {
		"thirdperson_righthand": {
			"scale": [0.5, 0.5, 0.5]
		},
		"thirdperson_lefthand": {
			"scale": [0.5, 0.5, 0.5]
		},
		"firstperson_righthand": {
			"scale": [0.5, 0.5, 0.5]
		},
		"firstperson_lefthand": {
			"scale": [0.5, 0.5, 0.5]
		},
		"ground": {
			"scale": [0.5, 0.5, 0.5]
		},
		"gui": {
			"rotation": [25, -146, 0],
			"translation": [0, -4.25, 0],
			"scale": [0.5, 0.5, 0.5]
		},
		"head": {
			"rotation": [21, 0, 0],
			"translation": [0, 0.5, 0],
			"scale": [1.2, 1.2, 1.2]
		},
		"fixed": {
			"rotation": [-90, 0, 0],
			"translation": [0, 0.75, 0],
			"scale": [0.5, 0.5, 0.5]
		}
	}
}