{
  "parent": "minecraft:block/carved_pumpkin",
  "overrides": [
	{
		"predicate": {
			"custom_model_data": 1
		},
		"model": "item/santa_hat"
	},
	{
		"predicate": {
			"custom_model_data": 2
		},
		"model": "item/santa_green_hat"
	},
	{
		"predicate": {
			"custom_model_data": 3
		},
		"model": "item/candy_cane_hat"
	},
	{
		"predicate": {
			"custom_model_data": 4
		},
		"model": "item/reindeer_antler_hat"
	},
	{
		"predicate": {
			"custom_model_data": 5
		},
		"model": "item/ranger_hat"
	}
  ]
}