{
	"credit": "Made with Blockbench",
	"textures": {
		"0": "item/reindeer_antler",
		"particle": "item/reindeer_antler"
	},
	"elements": [
		{
			"from": [-3, 12, 8],
			"to": [6, 28, 8],
			"rotation": {"angle": 22.5, "axis": "z", "origin": [3, 18, 8]},
			"faces": {
				"north": {"uv": [0, 0, 9, 16], "texture": "#0"},
				"south": {"uv": [9, 0, 0, 16], "texture": "#0"}
			}
		},
		{
			"from": [10, 12, 8],
			"to": [19, 28, 8],
			"rotation": {"angle": -22.5, "axis": "z", "origin": [13, 18, 8]},
			"faces": {
				"north": {"uv": [9, 0, 0, 16], "texture": "#0"},
				"south": {"uv": [0, 0, 9, 16], "texture": "#0"}
			}
		}
	],
	"display": {
		"thirdperson_righthand": {
			"translation": [0, -2.75, 0],
			"scale": [0.5, 0.5, 0.5]
		},
		"thirdperson_lefthand": {
			"translation": [0, -2.75, 0],
			"scale": [0.5, 0.5, 0.5]
		},
		"firstperson_righthand": {
			"translation": [0, -2.75, 0],
			"scale": [0.5, 0.5, 0.5]
		},
		"firstperson_lefthand": {
			"translation": [0, -2.75, 0],
			"scale": [0.5, 0.5, 0.5]
		},
		"ground": {
			"translation": [0, -2.75, 0],
			"scale": [0.5, 0.5, 0.5]
		},
		"gui": {
			"translation": [0, -4.25, 0],
			"scale": [0.5, 0.5, 0.5]
		},
		"head": {
			"rotation": [21, 0, 0],
			"translation": [0, 0.5, 0],
			"scale": [1.2, 1.2, 1.2]
		},
		"fixed": {
			"translation": [0, -2.75, -0.75],
			"scale": [0.5, 0.5, 0.5]
		}
	}
}