{
  "parent": "minecraft:block/carved_pumpkin",
  "overrides": [
	{
		"predicate": {
			"custom_model_data": 1
		},
		"model": "item/santa_hat"
	},
	{
		"predicate": {
			"custom_model_data": 2
		},
		"model": "item/santa_green_hat"
	},
	{
		"predicate": {
			"custom_model_data": 3
		},
		"model": "item/candy_cane_hat"
	},
	{
		"predicate": {
			"custom_model_data": 4
		},
		"model": "item/reindeer_antler_hat"
	},
	{
		"predicate": {
			"custom_model_data": 5
		},
		"model": "item/ranger_hat"
	},
	{
		"predicate": {
			"custom_model_data": 6
		},
		"model": "item/goose_hat"
	},
	{
		"predicate": {
			"custom_model_data": 7
		},
		"model": "item/farmer_hat"
	},
	{
		"predicate": {
			"custom_model_data": 8
		},
		"model": "item/librarian_hat"
	},
	{
		"predicate": {
			"custom_model_data": 9
		},
		"model": "item/librarian_hat_2"
	},
	{
		"predicate": {
			"custom_model_data": 10
		},
		"model": "item/halo_hat"
	},
	{
		"predicate": {
			"custom_model_data": 11
		},
		"model": "item/witch_hat"
	},
	{
		"predicate": {
			"custom_model_data": 12
		},
		"model": "item/witch_hat_1"
	},
	{
		"predicate": {
			"custom_model_data": 13
		},
		"model": "item/witch_hat_2"
	},
	{
		"predicate": {
			"custom_model_data": 14
		},
		"model": "item/flower_hat"
	},
	{
		"predicate": {
			"custom_model_data": 15
		},
		"model": "item/witch_hat_3"
	},
	{
		"predicate": {
			"custom_model_data": 16
		},
		"model": "item/witch_hat_4"
	}
  ]
}