{
	"credit": "Made with Blockbench",
	"parent": "minecraft:block/carved_pumpkin",
	"textures": {
		"0": "item/farmer",
		"1": "item/wheat_1",
		"2": "item/wheat_2",
		"particle": "item/farmer"
	},
	"elements": [
		{
			"from": [0, 0, 0],
			"to": [16, 7, 16],
			"faces": {
				"north": {"uv": [8, 2, 10, 3], "texture": "#0"},
				"east": {"uv": [14.25, 2, 16, 3], "texture": "#0"},
				"south": {"uv": [12, 2, 14.25, 3], "texture": "#0"},
				"west": {"uv": [10, 2, 12, 3], "texture": "#0"},
				"up": {"uv": [10, 0, 12, 2], "texture": "#0"}
			}
		},
		{
			"from": [-5, 0, -5],
			"to": [21, 0, 21],
			"faces": {
				"up": {"uv": [7.75, 12, 11.75, 16], "texture": "#0"},
				"down": {"uv": [7.75, 16, 11.75, 12], "texture": "#0"}
			}
		},
		{
			"from": [7, 6, 10],
			"to": [23, 22, 10],
			"rotation": {"angle": -22.5, "axis": "z", "origin": [0, 0, 0]},
			"faces": {
				"north": {"uv": [16, 0, 0, 16], "texture": "#1"},
				"south": {"uv": [0, 0, 16, 16], "texture": "#1"}
			}
		},
		{
			"from": [3, 12, 9],
			"to": [19, 28, 9],
			"rotation": {"angle": -45, "axis": "z", "origin": [0, 0, 0]},
			"faces": {
				"north": {"uv": [16, 0, 0, 16], "texture": "#2"},
				"south": {"uv": [0, 0, 16, 16], "texture": "#2"}
			}
		}
	],
	"display": {
		"thirdperson_righthand": {
			"translation": [0, 4, 0],
			"scale": [0.4, 0.4, 0.4]
		},
		"thirdperson_lefthand": {
			"translation": [0, 4, 0],
			"scale": [0.4, 0.4, 0.4]
		},
		"firstperson_righthand": {
			"translation": [0, 5, 0],
			"scale": [0.4, 0.4, 0.4]
		},
		"firstperson_lefthand": {
			"translation": [0, 5, 0],
			"scale": [0.4, 0.4, 0.4]
		},
		"ground": {
			"translation": [0, 6.5, 0],
			"scale": [0.4, 0.4, 0.4]
		},
		"gui": {
			"rotation": [39, 47, 0],
			"translation": [0, 3, 0],
			"scale": [0.5, 0.5, 0.5]
		},
		"head": {
			"translation": [0, 10.25, 0]
		},
		"fixed": {
			"rotation": [-90, 0, 0],
			"translation": [0, 0, -8.25],
			"scale": [0.8, 0.8, 0.8]
		}
	}
}