{
	"credit": "Made with Blockbench",
	"textures": {
		"0": "item/flower_hat",
		"particle": "item/flower_hat"
	},
	"elements": [
		{
			"name": "cornflower",
			"from": [3, 1.3, 13.75],
			"to": [9, 10.3, 13.75],
			"rotation": {"angle": 0, "axis": "y", "origin": [0, 2, 0]},
			"faces": {
				"north": {"uv": [4.75, 0.75, 7, 4.25], "texture": "#0"},
				"south": {"uv": [7, 0.75, 4.75, 4.25], "texture": "#0"}
			}
		},
		{
			"name": "cornflower",
			"from": [8, 1.3, 2.25],
			"to": [14, 10.3, 2.25],
			"rotation": {"angle": 0, "axis": "y", "origin": [0, 2, 0]},
			"faces": {
				"north": {"uv": [7, 0.75, 4.75, 4.25], "texture": "#0"},
				"south": {"uv": [4.75, 0.75, 7, 4.25], "texture": "#0"}
			}
		},
		{
			"name": "dandelion",
			"from": [9, 1.3, 13],
			"to": [15, 10.3, 13],
			"rotation": {"angle": 0, "axis": "y", "origin": [0, 2, 0]},
			"faces": {
				"north": {"uv": [8.25, 0.75, 10.5, 4.25], "texture": "#0"},
				"south": {"uv": [10.5, 0.75, 8.25, 4.25], "texture": "#0"}
			}
		},
		{
			"name": "dandelion",
			"from": [3, 1.4, 3.5],
			"to": [9, 10.4, 3.5],
			"rotation": {"angle": 0, "axis": "y", "origin": [0, 2, 0]},
			"faces": {
				"north": {"uv": [8.25, 0.75, 10.5, 4.25], "texture": "#0"},
				"south": {"uv": [10.5, 0.75, 8.25, 4.25], "texture": "#0"}
			}
		},
		{
			"name": "lilly of the valley",
			"from": [2.25, 2, 7],
			"to": [2.25, 11, 13],
			"rotation": {"angle": 0, "axis": "y", "origin": [0, 2, 0]},
			"faces": {
				"east": {"uv": [3.25, 0.25, 0.75, 4], "texture": "#0"},
				"west": {"uv": [0.75, 0.25, 3.25, 4], "texture": "#0"}
			}
		},
		{
			"name": "lilly of the valley",
			"from": [13.75, 2, 2],
			"to": [13.75, 11, 8],
			"rotation": {"angle": 0, "axis": "y", "origin": [0, 2, 0]},
			"faces": {
				"east": {"uv": [0.75, 0.25, 3.25, 4], "texture": "#0"},
				"west": {"uv": [3.25, 0.25, 0.75, 4], "texture": "#0"}
			}
		},
		{
			"name": "lilac",
			"from": [2, 2.16342, 4.3806],
			"to": [8, 10.16342, 4.3806],
			"rotation": {"angle": 45, "axis": "y", "origin": [8, 2, 5.4]},
			"faces": {
				"north": {"uv": [4.25, 11.75, 8.25, 16], "texture": "#0"},
				"south": {"uv": [4.25, 11.75, 8.25, 16], "texture": "#0"}
			}
		},
		{
			"name": "lilac",
			"from": [9, 2, 11],
			"to": [15, 10, 11],
			"rotation": {"angle": 45, "axis": "y", "origin": [9, 2, 11]},
			"faces": {
				"north": {"uv": [0, 11.75, 4, 16], "texture": "#0"},
				"south": {"uv": [0, 11.75, 4, 16], "texture": "#0"}
			}
		},
		{
			"name": "moss block",
			"from": [2, 1.99, 2],
			"to": [14, 1.99, 14],
			"rotation": {"angle": 0, "axis": "y", "origin": [0, 2, 0]},
			"faces": {
				"up": {"uv": [0, 6, 4, 10], "texture": "#0"},
				"down": {"uv": [0, 6, 4, 10], "texture": "#0"}
			}
		},
		{
			"name": "moss block",
			"from": [2, -2, 2],
			"to": [14, 2, 14],
			"rotation": {"angle": 0, "axis": "y", "origin": [0, 2, 0]},
			"faces": {
				"north": {"uv": [4, 6, 8, 7], "texture": "#0"},
				"east": {"uv": [4, 6, 8, 7], "texture": "#0"},
				"south": {"uv": [4, 6, 8, 7], "texture": "#0"},
				"west": {"uv": [4, 6, 8, 7], "texture": "#0"},
				"up": {"uv": [0, 6, 4, 10], "texture": "#0"}
			}
		},
		{
			"name": "north grass",
			"from": [6, 2, 2.75],
			"to": [9, 5, 2.75],
			"faces": {
				"north": {"uv": [8.25, 5.75, 12.25, 9.75], "texture": "#0"},
				"south": {"uv": [12.25, 5.75, 8.25, 9.75], "texture": "#0"},
				"down": {"uv": [0, 0, 3, 1], "texture": "#0"}
			}
		},
		{
			"name": "south grass",
			"from": [6, 2, 12.75],
			"to": [9, 5, 12.75],
			"faces": {
				"north": {"uv": [8.25, 5.75, 12.25, 9.75], "texture": "#0"},
				"south": {"uv": [12.25, 5.75, 8.25, 9.75], "texture": "#0"},
				"down": {"uv": [0, 0, 3, 1], "texture": "#0"}
			}
		},
		{
			"name": "west grass",
			"from": [2.5, 2, 3.5],
			"to": [2.5, 5, 6.5],
			"rotation": {"angle": 0, "axis": "y", "origin": [1.5, 0, 2]},
			"faces": {
				"east": {"uv": [12.25, 5.75, 8.25, 9.75], "texture": "#0"},
				"west": {"uv": [8.25, 5.75, 12.25, 9.75], "texture": "#0"},
				"down": {"uv": [0, 0, 3, 1], "rotation": 90, "texture": "#0"}
			}
		},
		{
			"name": "east grass",
			"from": [13.5, 2, 8.5],
			"to": [13.5, 5, 11.5],
			"rotation": {"angle": 0, "axis": "y", "origin": [1.5, 0, 2]},
			"faces": {
				"east": {"uv": [12.25, 5.75, 8.25, 9.75], "texture": "#0"},
				"west": {"uv": [8.25, 5.75, 12.25, 9.75], "texture": "#0"},
				"down": {"uv": [0, 0, 3, 1], "rotation": 90, "texture": "#0"}
			}
		},
		{
			"name": "fern 1",
			"from": [10.25, 2, 4],
			"to": [10.25, 5, 7],
			"rotation": {"angle": 45, "axis": "y", "origin": [10, 0, 5]},
			"faces": {
				"east": {"uv": [12.25, 5.75, 16, 9.75], "texture": "#0"},
				"west": {"uv": [16, 5.75, 12.25, 9.75], "texture": "#0"},
				"down": {"uv": [0, 0, 3, 1], "rotation": 270, "texture": "#0"}
			}
		},
		{
			"name": "fern 1",
			"from": [1.25, 2, 4],
			"to": [1.25, 5, 7],
			"rotation": {"angle": 45, "axis": "y", "origin": [10, 0, 5]},
			"faces": {
				"east": {"uv": [12.25, 5.75, 16, 9.75], "texture": "#0"},
				"west": {"uv": [16, 5.75, 12.25, 9.75], "texture": "#0"},
				"down": {"uv": [0, 0, 3, 1], "rotation": 270, "texture": "#0"}
			}
		},
		{
			"from": [2, 2, 2],
			"to": [14, 4, 14],
			"faces": {
				"north": {"uv": [4, 9.5, 8, 10], "texture": "#0"},
				"east": {"uv": [4, 9.5, 8, 10], "texture": "#0"},
				"south": {"uv": [4, 9.5, 8, 10], "texture": "#0"},
				"west": {"uv": [4, 9.5, 8, 10], "texture": "#0"}
			}
		}
	],
	"display": {
		"thirdperson_righthand": {
			"translation": [0, 4.25, 0],
			"scale": [0.6, 0.6, 0.6]
		},
		"thirdperson_lefthand": {
			"translation": [0, 4.25, 0],
			"scale": [0.6, 0.6, 0.6]
		},
		"firstperson_righthand": {
			"translation": [0, 4, 0],
			"scale": [0.8, 0.8, 0.8]
		},
		"firstperson_lefthand": {
			"translation": [0, 4, 0],
			"scale": [0.8, 0.8, 0.8]
		},
		"ground": {
			"translation": [0, 6.75, 0]
		},
		"gui": {
			"rotation": [33, 40, 0],
			"translation": [0, 3, 0],
			"scale": [0.8, 0.8, 0.8]
		},
		"head": {
			"translation": [0, 15, 0],
			"scale": [1.3, 1.3, 1.3]
		},
		"fixed": {
			"rotation": [-90, 0, 0],
			"translation": [0, 0, -9.75],
			"scale": [1.2, 1.2, 1.2]
		}
	}
}