{
	"credit": "Made with Blockbench",
	"texture_size": [64, 32],
	"textures": {
		"0": "item/goose",
		"particle": "item/goose"
	},
	"elements": [
		{
			"name": "head",
			"from": [5.5, 11, 2],
			"to": [8.5, 14, 5],
			"rotation": {"angle": 0, "axis": "y", "origin": [0, -2, 1]},
			"faces": {
				"north": {"uv": [0.75, 1.5, 1.5, 3], "texture": "#0"},
				"east": {"uv": [0, 1.5, 0.75, 3], "texture": "#0"},
				"south": {"uv": [2.25, 1.5, 3, 3], "texture": "#0"},
				"west": {"uv": [1.5, 1.5, 2.25, 3], "texture": "#0"},
				"up": {"uv": [1.5, 1.5, 0.75, 0], "texture": "#0"},
				"down": {"uv": [2.25, 0, 1.5, 1.5], "texture": "#0"}
			}
		},
		{
			"name": "left_wing",
			"from": [3, 6, 4],
			"to": [4, 9, 10],
			"faces": {
				"north": {"uv": [6.5, 7, 6.75, 8.5], "texture": "#0"},
				"east": {"uv": [5, 7, 6.5, 8.5], "texture": "#0"},
				"south": {"uv": [8.25, 7, 8.5, 8.5], "texture": "#0"},
				"west": {"uv": [6.75, 7, 8.25, 8.5], "texture": "#0"},
				"up": {"uv": [6.75, 7, 6.5, 4], "texture": "#0"},
				"down": {"uv": [7, 4, 6.75, 7], "texture": "#0"}
			}
		},
		{
			"name": "right_wing",
			"from": [10, 6, 4],
			"to": [11, 9, 10],
			"faces": {
				"north": {"uv": [6.25, 7, 6.5, 8.5], "texture": "#0"},
				"east": {"uv": [4.75, 7, 6.25, 8.5], "texture": "#0"},
				"south": {"uv": [8, 7, 8.25, 8.5], "texture": "#0"},
				"west": {"uv": [6.5, 7, 8, 8.5], "texture": "#0"},
				"up": {"uv": [6.5, 7, 6.25, 4], "texture": "#0"},
				"down": {"uv": [6.75, 4, 6.5, 7], "texture": "#0"}
			}
		},
		{
			"name": "rotation",
			"from": [5, 4, 3],
			"to": [9, 8, 4],
			"rotation": {"angle": 0, "axis": "y", "origin": [0, 11, 0]},
			"faces": {
				"north": {"uv": [2, 5.5, 1, 3.5], "rotation": 180, "texture": "#0"},
				"east": {"uv": [0, 5.5, 1, 6], "rotation": 90, "texture": "#0"},
				"south": {"uv": [3, 3.5, 2, 5.5], "texture": "#0"},
				"west": {"uv": [2, 5.5, 3, 6], "rotation": 270, "texture": "#0"},
				"up": {"uv": [3, 5.5, 4, 6], "texture": "#0"},
				"down": {"uv": [1, 5.5, 2, 6], "rotation": 180, "texture": "#0"}
			}
		},
		{
			"name": "bill",
			"from": [5.9, 10.9, -0.1],
			"to": [8.1, 12.1, 2.1],
			"rotation": {"angle": 0, "axis": "y", "origin": [0, -2, 1]},
			"faces": {
				"north": {"uv": [3.75, 2.5, 4.25, 3], "texture": "#0"},
				"east": {"uv": [3.25, 2.5, 3.75, 3], "texture": "#0"},
				"south": {"uv": [4.75, 2.5, 5.25, 3], "texture": "#0"},
				"west": {"uv": [4.25, 2.5, 4.75, 3], "texture": "#0"},
				"up": {"uv": [4.25, 2.5, 3.75, 1.5], "texture": "#0"},
				"down": {"uv": [4.75, 1.5, 4.25, 2.5], "texture": "#0"}
			}
		},
		{
			"name": "bone",
			"from": [6, 12.22417, 0.14568],
			"to": [8, 13.22417, 3.14568],
			"rotation": {"angle": -22.5, "axis": "x", "origin": [7, 12, 3]},
			"faces": {
				"north": {"uv": [6.25, 2.5, 6.75, 3], "texture": "#0"},
				"east": {"uv": [5.5, 2.5, 6.25, 3], "texture": "#0"},
				"south": {"uv": [7.5, 2.5, 8, 3], "texture": "#0"},
				"west": {"uv": [6.75, 2.5, 7.5, 3], "texture": "#0"},
				"up": {"uv": [6.75, 2.5, 6.25, 1], "texture": "#0"},
				"down": {"uv": [7.25, 1, 6.75, 2.5], "texture": "#0"}
			}
		},
		{
			"name": "rotation",
			"from": [3.9, 3.9, 3.9],
			"to": [10.1, 9.1, 9.1],
			"rotation": {"angle": 0, "axis": "y", "origin": [0, 0, 2]},
			"faces": {
				"north": {"uv": [5.5, 6, 7, 8.5], "texture": "#0"},
				"east": {"uv": [4.25, 6, 5.5, 8.5], "texture": "#0"},
				"south": {"uv": [8.25, 6, 9.75, 8.5], "texture": "#0"},
				"west": {"uv": [7, 6, 8.25, 8.5], "texture": "#0"},
				"up": {"uv": [7, 6, 5.5, 3.5], "texture": "#0"},
				"down": {"uv": [8.5, 3.5, 7, 6], "texture": "#0"}
			}
		},
		{
			"name": "bone4",
			"from": [5.9, 6.6, 1.06903],
			"to": [8.1, 8.8, 4.26903],
			"rotation": {"angle": 45, "axis": "x", "origin": [8, 7, 3]},
			"faces": {
				"north": {"uv": [0.75, 11, 1.25, 12], "texture": "#0"},
				"east": {"uv": [0, 11, 0.75, 12], "texture": "#0"},
				"south": {"uv": [2, 11, 2.5, 12], "texture": "#0"},
				"west": {"uv": [1.25, 11, 2, 12], "texture": "#0"},
				"up": {"uv": [1.25, 11, 0.75, 9.5], "texture": "#0"},
				"down": {"uv": [1.75, 9.5, 1.25, 11], "texture": "#0"}
			}
		},
		{
			"name": "bone2",
			"from": [4, 5, 8],
			"to": [10, 8, 12],
			"rotation": {"angle": 22.5, "axis": "x", "origin": [8, 6, 10]},
			"faces": {
				"north": {"uv": [11, 9.5, 12.5, 11], "texture": "#0"},
				"east": {"uv": [10, 9.5, 11, 11], "texture": "#0"},
				"south": {"uv": [13.5, 9.5, 15, 11], "texture": "#0"},
				"west": {"uv": [12.5, 9.5, 13.5, 11], "texture": "#0"},
				"up": {"uv": [12.5, 9.5, 11, 7.5], "texture": "#0"},
				"down": {"uv": [14, 7.5, 12.5, 9.5], "texture": "#0"}
			}
		},
		{
			"name": "rotation",
			"from": [5, 5, 11],
			"to": [9, 7, 14],
			"rotation": {"angle": 0, "axis": "y", "origin": [0, 0, 2]},
			"faces": {
				"north": {"uv": [0.75, 8, 1.75, 9], "texture": "#0"},
				"east": {"uv": [0, 8, 0.75, 9], "texture": "#0"},
				"south": {"uv": [2.5, 8, 3.5, 9], "texture": "#0"},
				"west": {"uv": [1.75, 8, 2.5, 9], "texture": "#0"},
				"up": {"uv": [1.75, 8, 0.75, 6.5], "texture": "#0"},
				"down": {"uv": [2.75, 6.5, 1.75, 8], "texture": "#0"}
			}
		},
		{
			"name": "bone3",
			"from": [6, 7.75, 2.25],
			"to": [8, 11.75, 4.25],
			"rotation": {"angle": 22.5, "axis": "x", "origin": [8, 10, 3]},
			"faces": {
				"north": {"uv": [8.75, 1, 9.25, 3], "texture": "#0"},
				"east": {"uv": [8.25, 1, 8.75, 3], "texture": "#0"},
				"south": {"uv": [9.75, 1, 10.25, 3], "texture": "#0"},
				"west": {"uv": [9.25, 1, 9.75, 3], "texture": "#0"},
				"up": {"uv": [9.25, 1, 8.75, 0], "texture": "#0"},
				"down": {"uv": [9.75, 0, 9.25, 1], "texture": "#0"}
			}
		}
	],
	"display": {
		"thirdperson_righthand": {
			"translation": [0, 3.5, 0]
		},
		"thirdperson_lefthand": {
			"translation": [0, 3.5, 0]
		},
		"ground": {
			"translation": [0.75, 0, 0]
		},
		"gui": {
			"rotation": [0, -180, 0],
			"translation": [-1, 0, 0]
		},
		"head": {
			"translation": [2, 13.25, 2.75],
			"scale": [2, 2, 2]
		}
	}
}