{
	"credit": "Made with Blockbench",
	"parent": "minecraft:block/carved_pumpkin",
	"textures": {
		"0": "item/librarian_2",
		"particle": "item/librarian_2"
	},
	"elements": [
		{
			"from": [0, 0, 0],
			"to": [16, 9, 16],
			"faces": {
				"north": {"uv": [10, 2, 12, 3.25], "texture": "#0"},
				"east": {"uv": [8, 2, 10, 3.25], "texture": "#0"},
				"south": {"uv": [14.25, 2, 16, 3.25], "texture": "#0"},
				"west": {"uv": [12, 2, 14.25, 3.25], "texture": "#0"},
				"up": {"uv": [10, 0, 12, 2], "texture": "#0"}
			}
		}
	],
	"display": {
		"thirdperson_righthand": {
			"translation": [0, 2.25, 0],
			"scale": [0.4, 0.4, 0.4]
		},
		"thirdperson_lefthand": {
			"translation": [0, 2.25, 0],
			"scale": [0.4, 0.4, 0.4]
		},
		"firstperson_righthand": {
			"translation": [0, 3.5, 0],
			"scale": [0.4, 0.4, 0.4]
		},
		"firstperson_lefthand": {
			"translation": [0, 3.5, 0],
			"scale": [0.4, 0.4, 0.4]
		},
		"ground": {
			"scale": [0.4, 0.4, 0.4]
		},
		"gui": {
			"rotation": [29, 29, 0],
			"translation": [0, 1.25, 0],
			"scale": [0.7, 0.7, 0.7]
		},
		"head": {
			"rotation": [0, 0, 9],
			"translation": [-0.5, 7, 0]
		},
		"fixed": {
			"rotation": [-90, 0, 0],
			"translation": [0, 0, -5]
		}
	}
}