{
	"credit": "Made with Blockbench",
	"parent": "block",
	"texture_size": [64, 64],
	"textures": {
		"0": "item/ranger_hat",
		"particle": "item/ranger_hat"
	},
	"elements": [
		{
			"from": [4.5, 0, 4.5],
			"to": [11.5, 5, 11.5],
			"faces": {
				"north": {"uv": [1.75, 1.75, 3.5, 3], "texture": "#0"},
				"east": {"uv": [0, 1.75, 1.75, 3], "texture": "#0"},
				"south": {"uv": [5.25, 1.75, 7, 3], "texture": "#0"},
				"west": {"uv": [3.5, 1.75, 5.25, 3], "texture": "#0"},
				"up": {"uv": [1.75, 0, 3.5, 1.75], "texture": "#0"},
				"down": {"uv": [3.5, 0, 5.25, 1.75], "texture": "#0"}
			}
		},
		{
			"from": [4, 0, 4],
			"to": [12, 2, 12],
			"faces": {
				"north": {"uv": [2, 3, 4, 3.5], "texture": "#0"},
				"east": {"uv": [6, 3, 8, 3.5], "texture": "#0"},
				"south": {"uv": [4, 3, 6, 3.5], "texture": "#0"},
				"west": {"uv": [0, 3, 2, 3.5], "texture": "#0"}
			}
		},
		{
			"from": [2, 0, 2],
			"to": [14, 4, 14],
			"faces": {
				"north": {"uv": [3.5, 7, 7, 8], "texture": "#0"},
				"east": {"uv": [0, 7, 3.5, 8], "texture": "#0"},
				"south": {"uv": [10.5, 7, 14, 8], "texture": "#0"},
				"west": {"uv": [7, 7, 10.5, 8], "texture": "#0"}
			}
		},
		{
			"from": [2, 0, 2],
			"to": [14, 0, 14],
			"faces": {
				"up": {"uv": [3.5, 3.5, 7, 7], "texture": "#0"},
				"down": {"uv": [3.5, 3.5, 7, 7], "texture": "#0"}
			}
		},
		{
			"from": [2, 0, 2],
			"to": [14, 4, 2],
			"faces": {
				"north": {"uv": [3.5, 7, 7, 8], "texture": "#0"},
				"south": {"uv": [3.5, 7, 7, 8], "texture": "#0"}
			}
		},
		{
			"from": [2, 0, 2],
			"to": [2, 4, 14],
			"faces": {
				"east": {"uv": [10.5, 7, 7, 8], "texture": "#0"},
				"west": {"uv": [7, 7, 10.5, 8], "texture": "#0"}
			}
		},
		{
			"from": [14, 0, 2],
			"to": [14, 4, 14],
			"faces": {
				"east": {"uv": [0, 7, 3.5, 8], "texture": "#0"},
				"west": {"uv": [3.5, 7, 0, 8], "texture": "#0"}
			}
		},
		{
			"from": [2, 0, 14],
			"to": [14, 4, 14],
			"faces": {
				"north": {"uv": [10.5, 7, 14, 8], "texture": "#0"},
				"south": {"uv": [10.5, 7, 14, 8], "texture": "#0"}
			}
		}
	],
	"display": {
		"thirdperson_righthand": {
			"translation": [0, 8.25, 0]
		},
		"thirdperson_lefthand": {
			"translation": [0, 8.25, 0]
		},
		"firstperson_righthand": {
			"translation": [0, 7, 0]
		},
		"firstperson_lefthand": {
			"translation": [0, 7, 0]
		},
		"ground": {
			"translation": [0, 5, 0]
		},
		"gui": {
			"rotation": [34, 35, 0],
			"translation": [0, 5.75, 0],
			"scale": [0.9, 0.9, 0.9]
		},
		"head": {
			"translation": [0, 17.25, 0],
			"scale": [2.06, 2.1, 2.06]
		},
		"fixed": {
			"rotation": [-90, 0, 0],
			"translation": [0, 0, -11.5],
			"scale": [1.4, 1.4, 1.4]
		}
	}
}