{
	"credit": "Made with Blockbench",
	"texture_size": [16, 18],
	"textures": {
		"0": "item/santa_hat",
		"particle": "item/santa_hat"
	},
	"elements": [
		{
			"from": [0, 8, 0],
			"to": [16, 10, 16],
			"rotation": {"angle": 0, "axis": "x", "origin": [9, 10, 7]},
			"faces": {
				"north": {"uv": [0, 14.22222, 16, 16], "texture": "#0"},
				"east": {"uv": [0, 14.22222, 16, 16], "texture": "#0"},
				"south": {"uv": [0, 14.22222, 16, 16], "texture": "#0"},
				"west": {"uv": [0, 14.22222, 16, 16], "texture": "#0"},
				"up": {"uv": [0, 14.22222, 16, 16], "texture": "#0"},
				"down": {"uv": [0, 14.22222, 16, 16], "texture": "#0"}
			}
		},
		{
			"from": [0, 10, 0],
			"to": [16, 12, 16],
			"rotation": {"angle": 0, "axis": "x", "origin": [9, 10, 7]},
			"faces": {
				"north": {"uv": [0, 12.44444, 16, 14.22222], "texture": "#0"},
				"east": {"uv": [0, 12.44444, 16, 14.22222], "texture": "#0"},
				"south": {"uv": [0, 12.44444, 16, 14.22222], "texture": "#0"},
				"west": {"uv": [0, 12.44444, 16, 14.33333], "texture": "#0"},
				"up": {"uv": [0, 0, 16, 14.22222], "texture": "#0"}
			}
		},
		{
			"from": [1, 12, 1],
			"to": [15, 15, 15],
			"rotation": {"angle": 0, "axis": "x", "origin": [9, 10, 7]},
			"faces": {
				"north": {"uv": [1, 9.77778, 15, 12.44444], "texture": "#0"},
				"east": {"uv": [1, 9.77778, 15, 12.44444], "texture": "#0"},
				"south": {"uv": [1, 9.77778, 15, 12.44444], "texture": "#0"},
				"west": {"uv": [1, 9.77778, 15, 12.44444], "texture": "#0"},
				"up": {"uv": [1, 0, 15, 12.44444], "texture": "#0"}
			}
		},
		{
			"from": [2, 15, 2],
			"to": [14, 18, 14],
			"rotation": {"angle": 0, "axis": "x", "origin": [9, 10, 7]},
			"faces": {
				"north": {"uv": [2, 8, 14, 10.66667], "texture": "#0"},
				"east": {"uv": [2, 8, 14, 10.66667], "texture": "#0"},
				"south": {"uv": [2, 8, 14, 10.66667], "texture": "#0"},
				"west": {"uv": [2, 8, 14, 10.66667], "texture": "#0"},
				"up": {"uv": [2, 0, 14, 10.66667], "rotation": 180, "texture": "#0"}
			}
		},
		{
			"from": [3, 18, 3],
			"to": [13, 20, 15],
			"rotation": {"angle": 0, "axis": "x", "origin": [9, 10, 7]},
			"faces": {
				"north": {"uv": [3, 8.88889, 13, 10.66667], "texture": "#0"},
				"east": {"uv": [3, 0, 5, 10.66667], "rotation": 90, "texture": "#0"},
				"south": {"uv": [3, 0, 13, 1.77778], "texture": "#0"},
				"west": {"uv": [11, 0, 13, 10.66667], "rotation": 90, "texture": "#0"},
				"up": {"uv": [3, 0, 13, 10.66667], "rotation": 180, "texture": "#0"},
				"down": {"uv": [0, 0, 0, 0], "texture": "#0"}
			}
		},
		{
			"from": [4, 20, 5],
			"to": [12, 22, 16],
			"rotation": {"angle": 0, "axis": "x", "origin": [9, 10, 7]},
			"faces": {
				"north": {"uv": [4, 8, 12, 9.77778], "texture": "#0"},
				"east": {"uv": [4, 0, 6, 9.77778], "rotation": 90, "texture": "#0"},
				"south": {"uv": [4, 0, 12, 1.77778], "texture": "#0"},
				"west": {"uv": [10, 0, 12, 9.77778], "rotation": 90, "texture": "#0"},
				"up": {"uv": [4, 0, 12, 9.77778], "rotation": 180, "texture": "#0"},
				"down": {"uv": [0, 0, 0, 0], "texture": "#0"}
			}
		},
		{
			"from": [5, 22, 8],
			"to": [11, 23, 17],
			"rotation": {"angle": 0, "axis": "x", "origin": [9, 10, 7]},
			"faces": {
				"north": {"uv": [5, 7.11111, 11, 8], "texture": "#0"},
				"east": {"uv": [5, 0, 6, 8], "rotation": 90, "texture": "#0"},
				"south": {"uv": [5, 0, 11, 0.88889], "texture": "#0"},
				"west": {"uv": [10, 0, 11, 8], "rotation": 90, "texture": "#0"},
				"up": {"uv": [5, 0, 11, 8], "texture": "#0"},
				"down": {"uv": [0, 0, 0, 0], "texture": "#0"}
			}
		},
		{
			"from": [6, 23, 11],
			"to": [10, 24, 19],
			"rotation": {"angle": 0, "axis": "x", "origin": [9, 10, 7]},
			"faces": {
				"north": {"uv": [6, 6.22222, 10, 7.11111], "texture": "#0"},
				"east": {"uv": [6, 0, 7, 7.11111], "rotation": 90, "texture": "#0"},
				"south": {"uv": [6, 0, 10, 0.88889], "texture": "#0"},
				"west": {"uv": [9, 0, 10, 7.11111], "rotation": 90, "texture": "#0"},
				"up": {"uv": [6, 0, 10, 7.11111], "texture": "#0"},
				"down": {"uv": [0, 0, 0, 0], "texture": "#0"}
			}
		},
		{
			"from": [7, 24, 15],
			"to": [9, 25, 21],
			"rotation": {"angle": 0, "axis": "x", "origin": [9, 10, 7]},
			"faces": {
				"north": {"uv": [7, 4.44444, 9, 5.33333], "texture": "#0"},
				"east": {"uv": [7, 0, 8, 5.33333], "rotation": 90, "texture": "#0"},
				"south": {"uv": [7, 0, 9, 0.88889], "texture": "#0"},
				"west": {"uv": [8, 0, 9, 5.33333], "rotation": 90, "texture": "#0"},
				"up": {"uv": [7, 0, 9, 5.33333], "texture": "#0"},
				"down": {"uv": [0, 0, 0, 0], "texture": "#0"}
			}
		},
		{
			"from": [7.75, 25, 19],
			"to": [8.25, 25.5, 25],
			"rotation": {"angle": 0, "axis": "x", "origin": [9, 10, 7]},
			"faces": {
				"north": {"uv": [7, 4.44444, 8, 4.88889], "rotation": 90, "texture": "#0"},
				"east": {"uv": [7, 0, 7.5, 5.33333], "rotation": 90, "texture": "#0"},
				"south": {"uv": [0, 0, 14, 1], "texture": "#0"},
				"west": {"uv": [7, 0, 7.5, 5.33333], "rotation": 90, "texture": "#0"},
				"up": {"uv": [7, 0, 7.5, 5.33333], "texture": "#0"},
				"down": {"uv": [0, 0, 0, 0], "texture": "#0"}
			}
		},
		{
			"from": [6.5, 24, 24],
			"to": [10.5, 27, 27],
			"rotation": {"angle": 22.5, "axis": "x", "origin": [9, 26, 24]},
			"faces": {
				"north": {"uv": [8, 14.22222, 10, 16], "texture": "#0"},
				"east": {"uv": [6, 14.22222, 8, 16], "texture": "#0"},
				"south": {"uv": [4, 14.22222, 6, 16], "texture": "#0"},
				"west": {"uv": [2, 14.22222, 4, 16], "texture": "#0"},
				"up": {"uv": [4, 14.22222, 6, 16], "texture": "#0"},
				"down": {"uv": [8, 14.22222, 10, 16], "texture": "#0"}
			}
		}
	],
	"display": {
		"thirdperson_righthand": {
			"scale": [0.5, 0.5, 0.5]
		},
		"thirdperson_lefthand": {
			"scale": [0.5, 0.5, 0.5]
		},
		"firstperson_righthand": {
			"scale": [0.5, 0.5, 0.5]
		},
		"firstperson_lefthand": {
			"scale": [0.5, 0.5, 0.5]
		},
		"ground": {
			"scale": [0.5, 0.5, 0.5]
		},
		"gui": {
			"rotation": [25, -146, 0],
			"translation": [0, -4.25, 0],
			"scale": [0.5, 0.5, 0.5]
		},
		"head": {
			"rotation": [21, 0, 0],
			"translation": [0, 0.5, 0],
			"scale": [1.2, 1.2, 1.2]
		},
		"fixed": {
			"rotation": [-90, 0, 0],
			"translation": [0, 0.75, 0],
			"scale": [0.5, 0.5, 0.5]
		}
	}
}